y_m,c_m,alpha_deg,beta_deg,mach_nd,cn_sec_nd,cm_sec_nd,cc_sec_nd
0.0,3.0,-6.0,-10.0,0.3,0.943456,0.0,0.157829
0.0,3.0,-6.0,-10.0,0.5,1.03923,0.0,0.17446
0.0,3.0,-6.0,-10.0,0.65,1.184313,0.0,0.199654
0.0,3.0,-6.0,-10.0,0.72,1.296878,0.0,0.219201
0.0,3.0,-6.0,-10.0,0.8,1.5,0.0,0.254472
0.0,3.0,-6.0,-5.0,0.3,0.471728,0.0,0.035114
0.0,3.0,-6.0,-5.0,0.5,0.519615,0.0,0.039287
0.0,3.0,-6.0,-5.0,0.65,0.592157,0.0,0.04561
0.0,3.0,-6.0,-5.0,0.72,0.648439,0.0,0.050515
0.0,3.0,-6.0,-5.0,0.8,0.75,0.0,0.059367
0.0,3.0,-6.0,0.0,0.3,-0.0,0.0,-0.006
0.0,3.0,-6.0,0.0,0.5,-0.0,0.0,-0.006
0.0,3.0,-6.0,0.0,0.65,-0.0,0.0,-0.006
0.0,3.0,-6.0,0.0,0.72,-0.0,0.0,-0.006
0.0,3.0,-6.0,0.0,0.8,-0.0,0.0,-0.006
0.0,3.0,-6.0,5.0,0.3,-0.471728,0.0,0.035114
0.0,3.0,-6.0,5.0,0.5,-0.519615,0.0,0.039287
0.0,3.0,-6.0,5.0,0.65,-0.592157,0.0,0.04561
0.0,3.0,-6.0,5.0,0.72,-0.648439,0.0,0.050515
0.0,3.0,-6.0,5.0,0.8,-0.75,0.0,0.059367
0.0,3.0,-6.0,10.0,0.3,-0.943456,0.0,0.157829
0.0,3.0,-6.0,10.0,0.5,-1.03923,0.0,0.17446
0.0,3.0,-6.0,10.0,0.65,-1.184313,0.0,0.199654
0.0,3.0,-6.0,10.0,0.72,-1.296878,0.0,0.219201
0.0,3.0,-6.0,10.0,0.8,-1.5,0.0,0.254472
0.0,3.0,-3.0,-10.0,0.3,0.943456,0.0,0.157829
0.0,3.0,-3.0,-10.0,0.5,1.03923,0.0,0.17446
0.0,3.0,-3.0,-10.0,0.65,1.184313,0.0,0.199654
0.0,3.0,-3.0,-10.0,0.72,1.296878,0.0,0.219201
0.0,3.0,-3.0,-10.0,0.8,1.5,0.0,0.254472
0.0,3.0,-3.0,-5.0,0.3,0.471728,0.0,0.035114
0.0,3.0,-3.0,-5.0,0.5,0.519615,0.0,0.039287
0.0,3.0,-3.0,-5.0,0.65,0.592157,0.0,0.04561
0.0,3.0,-3.0,-5.0,0.72,0.648439,0.0,0.050515
0.0,3.0,-3.0,-5.0,0.8,0.75,0.0,0.059367
0.0,3.0,-3.0,0.0,0.3,-0.0,0.0,-0.006
0.0,3.0,-3.0,0.0,0.5,-0.0,0.0,-0.006
0.0,3.0,-3.0,0.0,0.65,-0.0,0.0,-0.006
0.0,3.0,-3.0,0.0,0.72,-0.0,0.0,-0.006
0.0,3.0,-3.0,0.0,0.8,-0.0,0.0,-0.006
0.0,3.0,-3.0,5.0,0.3,-0.471728,0.0,0.035114
0.0,3.0,-3.0,5.0,0.5,-0.519615,0.0,0.039287
0.0,3.0,-3.0,5.0,0.65,-0.592157,0.0,0.04561
0.0,3.0,-3.0,5.0,0.72,-0.648439,0.0,0.050515
0.0,3.0,-3.0,5.0,0.8,-0.75,0.0,0.059367
0.0,3.0,-3.0,10.0,0.3,-0.943456,0.0,0.157829
0.0,3.0,-3.0,10.0,0.5,-1.03923,0.0,0.17446
0.0,3.0,-3.0,10.0,0.65,-1.184313,0.0,0.199654
0.0,3.0,-3.0,10.0,0.72,-1.296878,0.0,0.219201
0.0,3.0,-3.0,10.0,0.8,-1.5,0.0,0.254472
0.0,3.0,0.0,-10.0,0.3,0.943456,0.0,0.157829
0.0,3.0,0.0,-10.0,0.5,1.03923,0.0,0.17446
0.0,3.0,0.0,-10.0,0.65,1.184313,0.0,0.199654
0.0,3.0,0.0,-10.0,0.72,1.296878,0.0,0.219201
0.0,3.0,0.0,-10.0,0.8,1.5,0.0,0.254472
0.0,3.0,0.0,-5.0,0.3,0.471728,0.0,0.035114
0.0,3.0,0.0,-5.0,0.5,0.519615,0.0,0.039287
0.0,3.0,0.0,-5.0,0.65,0.592157,0.0,0.04561
0.0,3.0,0.0,-5.0,0.72,0.648439,0.0,0.050515
0.0,3.0,0.0,-5.0,0.8,0.75,0.0,0.059367
0.0,3.0,0.0,0.0,0.3,-0.0,0.0,-0.006
0.0,3.0,0.0,0.0,0.5,-0.0,0.0,-0.006
0.0,3.0,0.0,0.0,0.65,-0.0,0.0,-0.006
0.0,3.0,0.0,0.0,0.72,-0.0,0.0,-0.006
0.0,3.0,0.0,0.0,0.8,-0.0,0.0,-0.006
0.0,3.0,0.0,5.0,0.3,-0.471728,0.0,0.035114
0.0,3.0,0.0,5.0,0.5,-0.519615,0.0,0.039287
0.0,3.0,0.0,5.0,0.65,-0.592157,0.0,0.04561
0.0,3.0,0.0,5.0,0.72,-0.648439,0.0,0.050515
0.0,3.0,0.0,5.0,0.8,-0.75,0.0,0.059367
0.0,3.0,0.0,10.0,0.3,-0.943456,0.0,0.157829
0.0,3.0,0.0,10.0,0.5,-1.03923,0.0,0.17446
0.0,3.0,0.0,10.0,0.65,-1.184313,0.0,0.199654
0.0,3.0,0.0,10.0,0.72,-1.296878,0.0,0.219201
0.0,3.0,0.0,10.0,0.8,-1.5,0.0,0.254472
0.0,3.0,3.0,-10.0,0.3,0.943456,0.0,0.157829
0.0,3.0,3.0,-10.0,0.5,1.03923,0.0,0.17446
0.0,3.0,3.0,-10.0,0.65,1.184313,0.0,0.199654
0.0,3.0,3.0,-10.0,0.72,1.296878,0.0,0.219201
0.0,3.0,3.0,-10.0,0.8,1.5,0.0,0.254472
0.0,3.0,3.0,-5.0,0.3,0.471728,0.0,0.035114
0.0,3.0,3.0,-5.0,0.5,0.519615,0.0,0.039287
0.0,3.0,3.0,-5.0,0.65,0.592157,0.0,0.04561
0.0,3.0,3.0,-5.0,0.72,0.648439,0.0,0.050515
0.0,3.0,3.0,-5.0,0.8,0.75,0.0,0.059367
0.0,3.0,3.0,0.0,0.3,-0.0,0.0,-0.006
0.0,3.0,3.0,0.0,0.5,-0.0,0.0,-0.006
0.0,3.0,3.0,0.0,0.65,-0.0,0.0,-0.006
0.0,3.0,3.0,0.0,0.72,-0.0,0.0,-0.006
0.0,3.0,3.0,0.0,0.8,-0.0,0.0,-0.006
0.0,3.0,3.0,5.0,0.3,-0.471728,0.0,0.035114
0.0,3.0,3.0,5.0,0.5,-0.519615,0.0,0.039287
0.0,3.0,3.0,5.0,0.65,-0.592157,0.0,0.04561
0.0,3.0,3.0,5.0,0.72,-0.648439,0.0,0.050515
0.0,3.0,3.0,5.0,0.8,-0.75,0.0,0.059367
0.0,3.0,3.0,10.0,0.3,-0.943456,0.0,0.157829
0.0,3.0,3.0,10.0,0.5,-1.03923,0.0,0.17446
0.0,3.0,3.0,10.0,0.65,-1.184313,0.0,0.199654
0.0,3.0,3.0,10.0,0.72,-1.296878,0.0,0.219201
0.0,3.0,3.0,10.0,0.8,-1.5,0.0,0.254472
0.0,3.0,6.0,-10.0,0.3,0.943456,0.0,0.157829
0.0,3.0,6.0,-10.0,0.5,1.03923,0.0,0.17446
0.0,3.0,6.0,-10.0,0.65,1.184313,0.0,0.199654
0.0,3.0,6.0,-10.0,0.72,1.296878,0.0,0.219201
0.0,3.0,6.0,-10.0,0.8,1.5,0.0,0.254472
0.0,3.0,6.0,-5.0,0.3,0.471728,0.0,0.035114
0.0,3.0,6.0,-5.0,0.5,0.519615,0.0,0.039287
0.0,3.0,6.0,-5.0,0.65,0.592157,0.0,0.04561
0.0,3.0,6.0,-5.0,0.72,0.648439,0.0,0.050515
0.0,3.0,6.0,-5.0,0.8,0.75,0.0,0.059367
0.0,3.0,6.0,0.0,0.3,-0.0,0.0,-0.006
0.0,3.0,6.0,0.0,0.5,-0.0,0.0,-0.006
0.0,3.0,6.0,0.0,0.65,-0.0,0.0,-0.006
0.0,3.0,6.0,0.0,0.72,-0.0,0.0,-0.006
0.0,3.0,6.0,0.0,0.8,-0.0,0.0,-0.006
0.0,3.0,6.0,5.0,0.3,-0.471728,0.0,0.035114
0.0,3.0,6.0,5.0,0.5,-0.519615,0.0,0.039287
0.0,3.0,6.0,5.0,0.65,-0.592157,0.0,0.04561
0.0,3.0,6.0,5.0,0.72,-0.648439,0.0,0.050515
0.0,3.0,6.0,5.0,0.8,-0.75,0.0,0.059367
0.0,3.0,6.0,10.0,0.3,-0.943456,0.0,0.157829
0.0,3.0,6.0,10.0,0.5,-1.03923,0.0,0.17446
0.0,3.0,6.0,10.0,0.65,-1.184313,0.0,0.199654
0.0,3.0,6.0,10.0,0.72,-1.296878,0.0,0.219201
0.0,3.0,6.0,10.0,0.8,-1.5,0.0,0.254472
0.0,3.0,9.0,-10.0,0.3,0.943456,0.0,0.157829
0.0,3.0,9.0,-10.0,0.5,1.03923,0.0,0.17446
0.0,3.0,9.0,-10.0,0.65,1.184313,0.0,0.199654
0.0,3.0,9.0,-10.0,0.72,1.296878,0.0,0.219201
0.0,3.0,9.0,-10.0,0.8,1.5,0.0,0.254472
0.0,3.0,9.0,-5.0,0.3,0.471728,0.0,0.035114
0.0,3.0,9.0,-5.0,0.5,0.519615,0.0,0.039287
0.0,3.0,9.0,-5.0,0.65,0.592157,0.0,0.04561
0.0,3.0,9.0,-5.0,0.72,0.648439,0.0,0.050515
0.0,3.0,9.0,-5.0,0.8,0.75,0.0,0.059367
0.0,3.0,9.0,0.0,0.3,-0.0,0.0,-0.006
0.0,3.0,9.0,0.0,0.5,-0.0,0.0,-0.006
0.0,3.0,9.0,0.0,0.65,-0.0,0.0,-0.006
0.0,3.0,9.0,0.0,0.72,-0.0,0.0,-0.006
0.0,3.0,9.0,0.0,0.8,-0.0,0.0,-0.006
0.0,3.0,9.0,5.0,0.3,-0.471728,0.0,0.035114
0.0,3.0,9.0,5.0,0.5,-0.519615,0.0,0.039287
0.0,3.0,9.0,5.0,0.65,-0.592157,0.0,0.04561
0.0,3.0,9.0,5.0,0.72,-0.648439,0.0,0.050515
0.0,3.0,9.0,5.0,0.8,-0.75,0.0,0.059367
0.0,3.0,9.0,10.0,0.3,-0.943456,0.0,0.157829
0.0,3.0,9.0,10.0,0.5,-1.03923,0.0,0.17446
0.0,3.0,9.0,10.0,0.65,-1.184313,0.0,0.199654
0.0,3.0,9.0,10.0,0.72,-1.296878,0.0,0.219201
0.0,3.0,9.0,10.0,0.8,-1.5,0.0,0.254472
0.0,3.0,12.0,-10.0,0.3,0.943456,0.0,0.157829
0.0,3.0,12.0,-10.0,0.5,1.03923,0.0,0.17446
0.0,3.0,12.0,-10.0,0.65,1.184313,0.0,0.199654
0.0,3.0,12.0,-10.0,0.72,1.296878,0.0,0.219201
0.0,3.0,12.0,-10.0,0.8,1.5,0.0,0.254472
0.0,3.0,12.0,-5.0,0.3,0.471728,0.0,0.035114
0.0,3.0,12.0,-5.0,0.5,0.519615,0.0,0.039287
0.0,3.0,12.0,-5.0,0.65,0.592157,0.0,0.04561
0.0,3.0,12.0,-5.0,0.72,0.648439,0.0,0.050515
0.0,3.0,12.0,-5.0,0.8,0.75,0.0,0.059367
0.0,3.0,12.0,0.0,0.3,-0.0,0.0,-0.006
0.0,3.0,12.0,0.0,0.5,-0.0,0.0,-0.006
0.0,3.0,12.0,0.0,0.65,-0.0,0.0,-0.006
0.0,3.0,12.0,0.0,0.72,-0.0,0.0,-0.006
0.0,3.0,12.0,0.0,0.8,-0.0,0.0,-0.006
0.0,3.0,12.0,5.0,0.3,-0.471728,0.0,0.035114
0.0,3.0,12.0,5.0,0.5,-0.519615,0.0,0.039287
0.0,3.0,12.0,5.0,0.65,-0.592157,0.0,0.04561
0.0,3.0,12.0,5.0,0.72,-0.648439,0.0,0.050515
0.0,3.0,12.0,5.0,0.8,-0.75,0.0,0.059367
0.0,3.0,12.0,10.0,0.3,-0.943456,0.0,0.157829
0.0,3.0,12.0,10.0,0.5,-1.03923,0.0,0.17446
0.0,3.0,12.0,10.0,0.65,-1.184313,0.0,0.199654
0.0,3.0,12.0,10.0,0.72,-1.296878,0.0,0.219201
0.0,3.0,12.0,10.0,0.8,-1.5,0.0,0.254472
0.0,3.0,15.0,-10.0,0.3,0.943456,0.0,0.157829
0.0,3.0,15.0,-10.0,0.5,1.03923,0.0,0.17446
0.0,3.0,15.0,-10.0,0.65,1.184313,0.0,0.199654
0.0,3.0,15.0,-10.0,0.72,1.296878,0.0,0.219201
0.0,3.0,15.0,-10.0,0.8,1.5,0.0,0.254472
0.0,3.0,15.0,-5.0,0.3,0.471728,0.0,0.035114
0.0,3.0,15.0,-5.0,0.5,0.519615,0.0,0.039287
0.0,3.0,15.0,-5.0,0.65,0.592157,0.0,0.04561
0.0,3.0,15.0,-5.0,0.72,0.648439,0.0,0.050515
0.0,3.0,15.0,-5.0,0.8,0.75,0.0,0.059367
0.0,3.0,15.0,0.0,0.3,-0.0,0.0,-0.006
0.0,3.0,15.0,0.0,0.5,-0.0,0.0,-0.006
0.0,3.0,15.0,0.0,0.65,-0.0,0.0,-0.006
0.0,3.0,15.0,0.0,0.72,-0.0,0.0,-0.006
0.0,3.0,15.0,0.0,0.8,-0.0,0.0,-0.006
0.0,3.0,15.0,5.0,0.3,-0.471728,0.0,0.035114
0.0,3.0,15.0,5.0,0.5,-0.519615,0.0,0.039287
0.0,3.0,15.0,5.0,0.65,-0.592157,0.0,0.04561
0.0,3.0,15.0,5.0,0.72,-0.648439,0.0,0.050515
0.0,3.0,15.0,5.0,0.8,-0.75,0.0,0.059367
0.0,3.0,15.0,10.0,0.3,-0.943456,0.0,0.157829
0.0,3.0,15.0,10.0,0.5,-1.03923,0.0,0.17446
0.0,3.0,15.0,10.0,0.65,-1.184313,0.0,0.199654
0.0,3.0,15.0,10.0,0.72,-1.296878,0.0,0.219201
0.0,3.0,15.0,10.0,0.8,-1.5,0.0,0.254472
0.98,2.7,-6.0,-10.0,0.3,0.915153,0.0,0.152915
0.98,2.7,-6.0,-10.0,0.5,1.008054,0.0,0.169047
0.98,2.7,-6.0,-10.0,0.65,1.148784,0.0,0.193484
0.98,2.7,-6.0,-10.0,0.72,1.257972,0.0,0.212445
0.98,2.7,-6.0,-10.0,0.8,1.455,0.0,0.246658
0.98,2.7,-6.0,-5.0,0.3,0.457576,0.0,0.03388
0.98,2.7,-6.0,-5.0,0.5,0.504027,0.0,0.037929
0.98,2.7,-6.0,-5.0,0.65,0.574392,0.0,0.044062
0.98,2.7,-6.0,-5.0,0.72,0.628986,0.0,0.04882
0.98,2.7,-6.0,-5.0,0.8,0.7275,0.0,0.057406
0.98,2.7,-6.0,0.0,0.3,-0.0,0.0,-0.006
0.98,2.7,-6.0,0.0,0.5,-0.0,0.0,-0.006
0.98,2.7,-6.0,0.0,0.65,-0.0,0.0,-0.006
0.98,2.7,-6.0,0.0,0.72,-0.0,0.0,-0.006
0.98,2.7,-6.0,0.0,0.8,-0.0,0.0,-0.006
0.98,2.7,-6.0,5.0,0.3,-0.457576,0.0,0.03388
0.98,2.7,-6.0,5.0,0.5,-0.504027,0.0,0.037929
0.98,2.7,-6.0,5.0,0.65,-0.574392,0.0,0.044062
0.98,2.7,-6.0,5.0,0.72,-0.628986,0.0,0.04882
0.98,2.7,-6.0,5.0,0.8,-0.7275,0.0,0.057406
0.98,2.7,-6.0,10.0,0.3,-0.915153,0.0,0.152915
0.98,2.7,-6.0,10.0,0.5,-1.008054,0.0,0.169047
0.98,2.7,-6.0,10.0,0.65,-1.148784,0.0,0.193484
0.98,2.7,-6.0,10.0,0.72,-1.257972,0.0,0.212445
0.98,2.7,-6.0,10.0,0.8,-1.455,0.0,0.246658
0.98,2.7,-3.0,-10.0,0.3,0.915153,0.0,0.152915
0.98,2.7,-3.0,-10.0,0.5,1.008054,0.0,0.169047
0.98,2.7,-3.0,-10.0,0.65,1.148784,0.0,0.193484
0.98,2.7,-3.0,-10.0,0.72,1.257972,0.0,0.212445
0.98,2.7,-3.0,-10.0,0.8,1.455,0.0,0.246658
0.98,2.7,-3.0,-5.0,0.3,0.457576,0.0,0.03388
0.98,2.7,-3.0,-5.0,0.5,0.504027,0.0,0.037929
0.98,2.7,-3.0,-5.0,0.65,0.574392,0.0,0.044062
0.98,2.7,-3.0,-5.0,0.72,0.628986,0.0,0.04882
0.98,2.7,-3.0,-5.0,0.8,0.7275,0.0,0.057406
0.98,2.7,-3.0,0.0,0.3,-0.0,0.0,-0.006
0.98,2.7,-3.0,0.0,0.5,-0.0,0.0,-0.006
0.98,2.7,-3.0,0.0,0.65,-0.0,0.0,-0.006
0.98,2.7,-3.0,0.0,0.72,-0.0,0.0,-0.006
0.98,2.7,-3.0,0.0,0.8,-0.0,0.0,-0.006
0.98,2.7,-3.0,5.0,0.3,-0.457576,0.0,0.03388
0.98,2.7,-3.0,5.0,0.5,-0.504027,0.0,0.037929
0.98,2.7,-3.0,5.0,0.65,-0.574392,0.0,0.044062
0.98,2.7,-3.0,5.0,0.72,-0.628986,0.0,0.04882
0.98,2.7,-3.0,5.0,0.8,-0.7275,0.0,0.057406
0.98,2.7,-3.0,10.0,0.3,-0.915153,0.0,0.152915
0.98,2.7,-3.0,10.0,0.5,-1.008054,0.0,0.169047
0.98,2.7,-3.0,10.0,0.65,-1.148784,0.0,0.193484
0.98,2.7,-3.0,10.0,0.72,-1.257972,0.0,0.212445
0.98,2.7,-3.0,10.0,0.8,-1.455,0.0,0.246658
0.98,2.7,0.0,-10.0,0.3,0.915153,0.0,0.152915
0.98,2.7,0.0,-10.0,0.5,1.008054,0.0,0.169047
0.98,2.7,0.0,-10.0,0.65,1.148784,0.0,0.193484
0.98,2.7,0.0,-10.0,0.72,1.257972,0.0,0.212445
0.98,2.7,0.0,-10.0,0.8,1.455,0.0,0.246658
0.98,2.7,0.0,-5.0,0.3,0.457576,0.0,0.03388
0.98,2.7,0.0,-5.0,0.5,0.504027,0.0,0.037929
0.98,2.7,0.0,-5.0,0.65,0.574392,0.0,0.044062
0.98,2.7,0.0,-5.0,0.72,0.628986,0.0,0.04882
0.98,2.7,0.0,-5.0,0.8,0.7275,0.0,0.057406
0.98,2.7,0.0,0.0,0.3,-0.0,0.0,-0.006
0.98,2.7,0.0,0.0,0.5,-0.0,0.0,-0.006
0.98,2.7,0.0,0.0,0.65,-0.0,0.0,-0.006
0.98,2.7,0.0,0.0,0.72,-0.0,0.0,-0.006
0.98,2.7,0.0,0.0,0.8,-0.0,0.0,-0.006
0.98,2.7,0.0,5.0,0.3,-0.457576,0.0,0.03388
0.98,2.7,0.0,5.0,0.5,-0.504027,0.0,0.037929
0.98,2.7,0.0,5.0,0.65,-0.574392,0.0,0.044062
0.98,2.7,0.0,5.0,0.72,-0.628986,0.0,0.04882
0.98,2.7,0.0,5.0,0.8,-0.7275,0.0,0.057406
0.98,2.7,0.0,10.0,0.3,-0.915153,0.0,0.152915
0.98,2.7,0.0,10.0,0.5,-1.008054,0.0,0.169047
0.98,2.7,0.0,10.0,0.65,-1.148784,0.0,0.193484
0.98,2.7,0.0,10.0,0.72,-1.257972,0.0,0.212445
0.98,2.7,0.0,10.0,0.8,-1.455,0.0,0.246658
0.98,2.7,3.0,-10.0,0.3,0.915153,0.0,0.152915
0.98,2.7,3.0,-10.0,0.5,1.008054,0.0,0.169047
0.98,2.7,3.0,-10.0,0.65,1.148784,0.0,0.193484
0.98,2.7,3.0,-10.0,0.72,1.257972,0.0,0.212445
0.98,2.7,3.0,-10.0,0.8,1.455,0.0,0.246658
0.98,2.7,3.0,-5.0,0.3,0.457576,0.0,0.03388
0.98,2.7,3.0,-5.0,0.5,0.504027,0.0,0.037929
0.98,2.7,3.0,-5.0,0.65,0.574392,0.0,0.044062
0.98,2.7,3.0,-5.0,0.72,0.628986,0.0,0.04882
0.98,2.7,3.0,-5.0,0.8,0.7275,0.0,0.057406
0.98,2.7,3.0,0.0,0.3,-0.0,0.0,-0.006
0.98,2.7,3.0,0.0,0.5,-0.0,0.0,-0.006
0.98,2.7,3.0,0.0,0.65,-0.0,0.0,-0.006
0.98,2.7,3.0,0.0,0.72,-0.0,0.0,-0.006
0.98,2.7,3.0,0.0,0.8,-0.0,0.0,-0.006
0.98,2.7,3.0,5.0,0.3,-0.457576,0.0,0.03388
0.98,2.7,3.0,5.0,0.5,-0.504027,0.0,0.037929
0.98,2.7,3.0,5.0,0.65,-0.574392,0.0,0.044062
0.98,2.7,3.0,5.0,0.72,-0.628986,0.0,0.04882
0.98,2.7,3.0,5.0,0.8,-0.7275,0.0,0.057406
0.98,2.7,3.0,10.0,0.3,-0.915153,0.0,0.152915
0.98,2.7,3.0,10.0,0.5,-1.008054,0.0,0.169047
0.98,2.7,3.0,10.0,0.65,-1.148784,0.0,0.193484
0.98,2.7,3.0,10.0,0.72,-1.257972,0.0,0.212445
0.98,2.7,3.0,10.0,0.8,-1.455,0.0,0.246658
0.98,2.7,6.0,-10.0,0.3,0.915153,0.0,0.152915
0.98,2.7,6.0,-10.0,0.5,1.008054,0.0,0.169047
0.98,2.7,6.0,-10.0,0.65,1.148784,0.0,0.193484
0.98,2.7,6.0,-10.0,0.72,1.257972,0.0,0.212445
0.98,2.7,6.0,-10.0,0.8,1.455,0.0,0.246658
0.98,2.7,6.0,-5.0,0.3,0.457576,0.0,0.03388
0.98,2.7,6.0,-5.0,0.5,0.504027,0.0,0.037929
0.98,2.7,6.0,-5.0,0.65,0.574392,0.0,0.044062
0.98,2.7,6.0,-5.0,0.72,0.628986,0.0,0.04882
0.98,2.7,6.0,-5.0,0.8,0.7275,0.0,0.057406
0.98,2.7,6.0,0.0,0.3,-0.0,0.0,-0.006
0.98,2.7,6.0,0.0,0.5,-0.0,0.0,-0.006
0.98,2.7,6.0,0.0,0.65,-0.0,0.0,-0.006
0.98,2.7,6.0,0.0,0.72,-0.0,0.0,-0.006
0.98,2.7,6.0,0.0,0.8,-0.0,0.0,-0.006
0.98,2.7,6.0,5.0,0.3,-0.457576,0.0,0.03388
0.98,2.7,6.0,5.0,0.5,-0.504027,0.0,0.037929
0.98,2.7,6.0,5.0,0.65,-0.574392,0.0,0.044062
0.98,2.7,6.0,5.0,0.72,-0.628986,0.0,0.04882
0.98,2.7,6.0,5.0,0.8,-0.7275,0.0,0.057406
0.98,2.7,6.0,10.0,0.3,-0.915153,0.0,0.152915
0.98,2.7,6.0,10.0,0.5,-1.008054,0.0,0.169047
0.98,2.7,6.0,10.0,0.65,-1.148784,0.0,0.193484
0.98,2.7,6.0,10.0,0.72,-1.257972,0.0,0.212445
0.98,2.7,6.0,10.0,0.8,-1.455,0.0,0.246658
0.98,2.7,9.0,-10.0,0.3,0.915153,0.0,0.152915
0.98,2.7,9.0,-10.0,0.5,1.008054,0.0,0.169047
0.98,2.7,9.0,-10.0,0.65,1.148784,0.0,0.193484
0.98,2.7,9.0,-10.0,0.72,1.257972,0.0,0.212445
0.98,2.7,9.0,-10.0,0.8,1.455,0.0,0.246658
0.98,2.7,9.0,-5.0,0.3,0.457576,0.0,0.03388
0.98,2.7,9.0,-5.0,0.5,0.504027,0.0,0.037929
0.98,2.7,9.0,-5.0,0.65,0.574392,0.0,0.044062
0.98,2.7,9.0,-5.0,0.72,0.628986,0.0,0.04882
0.98,2.7,9.0,-5.0,0.8,0.7275,0.0,0.057406
0.98,2.7,9.0,0.0,0.3,-0.0,0.0,-0.006
0.98,2.7,9.0,0.0,0.5,-0.0,0.0,-0.006
0.98,2.7,9.0,0.0,0.65,-0.0,0.0,-0.006
0.98,2.7,9.0,0.0,0.72,-0.0,0.0,-0.006
0.98,2.7,9.0,0.0,0.8,-0.0,0.0,-0.006
0.98,2.7,9.0,5.0,0.3,-0.457576,0.0,0.03388
0.98,2.7,9.0,5.0,0.5,-0.504027,0.0,0.037929
0.98,2.7,9.0,5.0,0.65,-0.574392,0.0,0.044062
0.98,2.7,9.0,5.0,0.72,-0.628986,0.0,0.04882
0.98,2.7,9.0,5.0,0.8,-0.7275,0.0,0.057406
0.98,2.7,9.0,10.0,0.3,-0.915153,0.0,0.152915
0.98,2.7,9.0,10.0,0.5,-1.008054,0.0,0.169047
0.98,2.7,9.0,10.0,0.65,-1.148784,0.0,0.193484
0.98,2.7,9.0,10.0,0.72,-1.257972,0.0,0.212445
0.98,2.7,9.0,10.0,0.8,-1.455,0.0,0.246658
0.98,2.7,12.0,-10.0,0.3,0.915153,0.0,0.152915
0.98,2.7,12.0,-10.0,0.5,1.008054,0.0,0.169047
0.98,2.7,12.0,-10.0,0.65,1.148784,0.0,0.193484
0.98,2.7,12.0,-10.0,0.72,1.257972,0.0,0.212445
0.98,2.7,12.0,-10.0,0.8,1.455,0.0,0.246658
0.98,2.7,12.0,-5.0,0.3,0.457576,0.0,0.03388
0.98,2.7,12.0,-5.0,0.5,0.504027,0.0,0.037929
0.98,2.7,12.0,-5.0,0.65,0.574392,0.0,0.044062
0.98,2.7,12.0,-5.0,0.72,0.628986,0.0,0.04882
0.98,2.7,12.0,-5.0,0.8,0.7275,0.0,0.057406
0.98,2.7,12.0,0.0,0.3,-0.0,0.0,-0.006
0.98,2.7,12.0,0.0,0.5,-0.0,0.0,-0.006
0.98,2.7,12.0,0.0,0.65,-0.0,0.0,-0.006
0.98,2.7,12.0,0.0,0.72,-0.0,0.0,-0.006
0.98,2.7,12.0,0.0,0.8,-0.0,0.0,-0.006
0.98,2.7,12.0,5.0,0.3,-0.457576,0.0,0.03388
0.98,2.7,12.0,5.0,0.5,-0.504027,0.0,0.037929
0.98,2.7,12.0,5.0,0.65,-0.574392,0.0,0.044062
0.98,2.7,12.0,5.0,0.72,-0.628986,0.0,0.04882
0.98,2.7,12.0,5.0,0.8,-0.7275,0.0,0.057406
0.98,2.7,12.0,10.0,0.3,-0.915153,0.0,0.152915
0.98,2.7,12.0,10.0,0.5,-1.008054,0.0,0.169047
0.98,2.7,12.0,10.0,0.65,-1.148784,0.0,0.193484
0.98,2.7,12.0,10.0,0.72,-1.257972,0.0,0.212445
0.98,2.7,12.0,10.0,0.8,-1.455,0.0,0.246658
0.98,2.7,15.0,-10.0,0.3,0.915153,0.0,0.152915
0.98,2.7,15.0,-10.0,0.5,1.008054,0.0,0.169047
0.98,2.7,15.0,-10.0,0.65,1.148784,0.0,0.193484
0.98,2.7,15.0,-10.0,0.72,1.257972,0.0,0.212445
0.98,2.7,15.0,-10.0,0.8,1.455,0.0,0.246658
0.98,2.7,15.0,-5.0,0.3,0.457576,0.0,0.03388
0.98,2.7,15.0,-5.0,0.5,0.504027,0.0,0.037929
0.98,2.7,15.0,-5.0,0.65,0.574392,0.0,0.044062
0.98,2.7,15.0,-5.0,0.72,0.628986,0.0,0.04882
0.98,2.7,15.0,-5.0,0.8,0.7275,0.0,0.057406
0.98,2.7,15.0,0.0,0.3,-0.0,0.0,-0.006
0.98,2.7,15.0,0.0,0.5,-0.0,0.0,-0.006
0.98,2.7,15.0,0.0,0.65,-0.0,0.0,-0.006
0.98,2.7,15.0,0.0,0.72,-0.0,0.0,-0.006
0.98,2.7,15.0,0.0,0.8,-0.0,0.0,-0.006
0.98,2.7,15.0,5.0,0.3,-0.457576,0.0,0.03388
0.98,2.7,15.0,5.0,0.5,-0.504027,0.0,0.037929
0.98,2.7,15.0,5.0,0.65,-0.574392,0.0,0.044062
0.98,2.7,15.0,5.0,0.72,-0.628986,0.0,0.04882
0.98,2.7,15.0,5.0,0.8,-0.7275,0.0,0.057406
0.98,2.7,15.0,10.0,0.3,-0.915153,0.0,0.152915
0.98,2.7,15.0,10.0,0.5,-1.008054,0.0,0.169047
0.98,2.7,15.0,10.0,0.65,-1.148784,0.0,0.193484
0.98,2.7,15.0,10.0,0.72,-1.257972,0.0,0.212445
0.98,2.7,15.0,10.0,0.8,-1.455,0.0,0.246658
1.96,2.4,-6.0,-10.0,0.3,0.886849,0.0,0.148
1.96,2.4,-6.0,-10.0,0.5,0.976877,0.0,0.163633
1.96,2.4,-6.0,-10.0,0.65,1.113254,0.0,0.187315
1.96,2.4,-6.0,-10.0,0.72,1.219066,0.0,0.205689
1.96,2.4,-6.0,-10.0,0.8,1.41,0.0,0.238844
1.96,2.4,-6.0,-5.0,0.3,0.443424,0.0,0.032647
1.96,2.4,-6.0,-5.0,0.5,0.488438,0.0,0.03657
1.96,2.4,-6.0,-5.0,0.65,0.556627,0.0,0.042513
1.96,2.4,-6.0,-5.0,0.72,0.609533,0.0,0.047124
1.96,2.4,-6.0,-5.0,0.8,0.705,0.0,0.055445
1.96,2.4,-6.0,0.0,0.3,-0.0,0.0,-0.006
1.96,2.4,-6.0,0.0,0.5,-0.0,0.0,-0.006
1.96,2.4,-6.0,0.0,0.65,-0.0,0.0,-0.006
1.96,2.4,-6.0,0.0,0.72,-0.0,0.0,-0.006
1.96,2.4,-6.0,0.0,0.8,-0.0,0.0,-0.006
1.96,2.4,-6.0,5.0,0.3,-0.443424,0.0,0.032647
1.96,2.4,-6.0,5.0,0.5,-0.488438,0.0,0.03657
1.96,2.4,-6.0,5.0,0.65,-0.556627,0.0,0.042513
1.96,2.4,-6.0,5.0,0.72,-0.609533,0.0,0.047124
1.96,2.4,-6.0,5.0,0.8,-0.705,0.0,0.055445
1.96,2.4,-6.0,10.0,0.3,-0.886849,0.0,0.148
1.96,2.4,-6.0,10.0,0.5,-0.976877,0.0,0.163633
1.96,2.4,-6.0,10.0,0.65,-1.113254,0.0,0.187315
1.96,2.4,-6.0,10.0,0.72,-1.219066,0.0,0.205689
1.96,2.4,-6.0,10.0,0.8,-1.41,0.0,0.238844
1.96,2.4,-3.0,-10.0,0.3,0.886849,0.0,0.148
1.96,2.4,-3.0,-10.0,0.5,0.976877,0.0,0.163633
1.96,2.4,-3.0,-10.0,0.65,1.113254,0.0,0.187315
1.96,2.4,-3.0,-10.0,0.72,1.219066,0.0,0.205689
1.96,2.4,-3.0,-10.0,0.8,1.41,0.0,0.238844
1.96,2.4,-3.0,-5.0,0.3,0.443424,0.0,0.032647
1.96,2.4,-3.0,-5.0,0.5,0.488438,0.0,0.03657
1.96,2.4,-3.0,-5.0,0.65,0.556627,0.0,0.042513
1.96,2.4,-3.0,-5.0,0.72,0.609533,0.0,0.047124
1.96,2.4,-3.0,-5.0,0.8,0.705,0.0,0.055445
1.96,2.4,-3.0,0.0,0.3,-0.0,0.0,-0.006
1.96,2.4,-3.0,0.0,0.5,-0.0,0.0,-0.006
1.96,2.4,-3.0,0.0,0.65,-0.0,0.0,-0.006
1.96,2.4,-3.0,0.0,0.72,-0.0,0.0,-0.006
1.96,2.4,-3.0,0.0,0.8,-0.0,0.0,-0.006
1.96,2.4,-3.0,5.0,0.3,-0.443424,0.0,0.032647
1.96,2.4,-3.0,5.0,0.5,-0.488438,0.0,0.03657
1.96,2.4,-3.0,5.0,0.65,-0.556627,0.0,0.042513
1.96,2.4,-3.0,5.0,0.72,-0.609533,0.0,0.047124
1.96,2.4,-3.0,5.0,0.8,-0.705,0.0,0.055445
1.96,2.4,-3.0,10.0,0.3,-0.886849,0.0,0.148
1.96,2.4,-3.0,10.0,0.5,-0.976877,0.0,0.163633
1.96,2.4,-3.0,10.0,0.65,-1.113254,0.0,0.187315
1.96,2.4,-3.0,10.0,0.72,-1.219066,0.0,0.205689
1.96,2.4,-3.0,10.0,0.8,-1.41,0.0,0.238844
1.96,2.4,0.0,-10.0,0.3,0.886849,0.0,0.148
1.96,2.4,0.0,-10.0,0.5,0.976877,0.0,0.163633
1.96,2.4,0.0,-10.0,0.65,1.113254,0.0,0.187315
1.96,2.4,0.0,-10.0,0.72,1.219066,0.0,0.205689
1.96,2.4,0.0,-10.0,0.8,1.41,0.0,0.238844
1.96,2.4,0.0,-5.0,0.3,0.443424,0.0,0.032647
1.96,2.4,0.0,-5.0,0.5,0.488438,0.0,0.03657
1.96,2.4,0.0,-5.0,0.65,0.556627,0.0,0.042513
1.96,2.4,0.0,-5.0,0.72,0.609533,0.0,0.047124
1.96,2.4,0.0,-5.0,0.8,0.705,0.0,0.055445
1.96,2.4,0.0,0.0,0.3,-0.0,0.0,-0.006
1.96,2.4,0.0,0.0,0.5,-0.0,0.0,-0.006
1.96,2.4,0.0,0.0,0.65,-0.0,0.0,-0.006
1.96,2.4,0.0,0.0,0.72,-0.0,0.0,-0.006
1.96,2.4,0.0,0.0,0.8,-0.0,0.0,-0.006
1.96,2.4,0.0,5.0,0.3,-0.443424,0.0,0.032647
1.96,2.4,0.0,5.0,0.5,-0.488438,0.0,0.03657
1.96,2.4,0.0,5.0,0.65,-0.556627,0.0,0.042513
1.96,2.4,0.0,5.0,0.72,-0.609533,0.0,0.047124
1.96,2.4,0.0,5.0,0.8,-0.705,0.0,0.055445
1.96,2.4,0.0,10.0,0.3,-0.886849,0.0,0.148
1.96,2.4,0.0,10.0,0.5,-0.976877,0.0,0.163633
1.96,2.4,0.0,10.0,0.65,-1.113254,0.0,0.187315
1.96,2.4,0.0,10.0,0.72,-1.219066,0.0,0.205689
1.96,2.4,0.0,10.0,0.8,-1.41,0.0,0.238844
1.96,2.4,3.0,-10.0,0.3,0.886849,0.0,0.148
1.96,2.4,3.0,-10.0,0.5,0.976877,0.0,0.163633
1.96,2.4,3.0,-10.0,0.65,1.113254,0.0,0.187315
1.96,2.4,3.0,-10.0,0.72,1.219066,0.0,0.205689
1.96,2.4,3.0,-10.0,0.8,1.41,0.0,0.238844
1.96,2.4,3.0,-5.0,0.3,0.443424,0.0,0.032647
1.96,2.4,3.0,-5.0,0.5,0.488438,0.0,0.03657
1.96,2.4,3.0,-5.0,0.65,0.556627,0.0,0.042513
1.96,2.4,3.0,-5.0,0.72,0.609533,0.0,0.047124
1.96,2.4,3.0,-5.0,0.8,0.705,0.0,0.055445
1.96,2.4,3.0,0.0,0.3,-0.0,0.0,-0.006
1.96,2.4,3.0,0.0,0.5,-0.0,0.0,-0.006
1.96,2.4,3.0,0.0,0.65,-0.0,0.0,-0.006
1.96,2.4,3.0,0.0,0.72,-0.0,0.0,-0.006
1.96,2.4,3.0,0.0,0.8,-0.0,0.0,-0.006
1.96,2.4,3.0,5.0,0.3,-0.443424,0.0,0.032647
1.96,2.4,3.0,5.0,0.5,-0.488438,0.0,0.03657
1.96,2.4,3.0,5.0,0.65,-0.556627,0.0,0.042513
1.96,2.4,3.0,5.0,0.72,-0.609533,0.0,0.047124
1.96,2.4,3.0,5.0,0.8,-0.705,0.0,0.055445
1.96,2.4,3.0,10.0,0.3,-0.886849,0.0,0.148
1.96,2.4,3.0,10.0,0.5,-0.976877,0.0,0.163633
1.96,2.4,3.0,10.0,0.65,-1.113254,0.0,0.187315
1.96,2.4,3.0,10.0,0.72,-1.219066,0.0,0.205689
1.96,2.4,3.0,10.0,0.8,-1.41,0.0,0.238844
1.96,2.4,6.0,-10.0,0.3,0.886849,0.0,0.148
1.96,2.4,6.0,-10.0,0.5,0.976877,0.0,0.163633
1.96,2.4,6.0,-10.0,0.65,1.113254,0.0,0.187315
1.96,2.4,6.0,-10.0,0.72,1.219066,0.0,0.205689
1.96,2.4,6.0,-10.0,0.8,1.41,0.0,0.238844
1.96,2.4,6.0,-5.0,0.3,0.443424,0.0,0.032647
1.96,2.4,6.0,-5.0,0.5,0.488438,0.0,0.03657
1.96,2.4,6.0,-5.0,0.65,0.556627,0.0,0.042513
1.96,2.4,6.0,-5.0,0.72,0.609533,0.0,0.047124
1.96,2.4,6.0,-5.0,0.8,0.705,0.0,0.055445
1.96,2.4,6.0,0.0,0.3,-0.0,0.0,-0.006
1.96,2.4,6.0,0.0,0.5,-0.0,0.0,-0.006
1.96,2.4,6.0,0.0,0.65,-0.0,0.0,-0.006
1.96,2.4,6.0,0.0,0.72,-0.0,0.0,-0.006
1.96,2.4,6.0,0.0,0.8,-0.0,0.0,-0.006
1.96,2.4,6.0,5.0,0.3,-0.443424,0.0,0.032647
1.96,2.4,6.0,5.0,0.5,-0.488438,0.0,0.03657
1.96,2.4,6.0,5.0,0.65,-0.556627,0.0,0.042513
1.96,2.4,6.0,5.0,0.72,-0.609533,0.0,0.047124
1.96,2.4,6.0,5.0,0.8,-0.705,0.0,0.055445
1.96,2.4,6.0,10.0,0.3,-0.886849,0.0,0.148
1.96,2.4,6.0,10.0,0.5,-0.976877,0.0,0.163633
1.96,2.4,6.0,10.0,0.65,-1.113254,0.0,0.187315
1.96,2.4,6.0,10.0,0.72,-1.219066,0.0,0.205689
1.96,2.4,6.0,10.0,0.8,-1.41,0.0,0.238844
1.96,2.4,9.0,-10.0,0.3,0.886849,0.0,0.148
1.96,2.4,9.0,-10.0,0.5,0.976877,0.0,0.163633
1.96,2.4,9.0,-10.0,0.65,1.113254,0.0,0.187315
1.96,2.4,9.0,-10.0,0.72,1.219066,0.0,0.205689
1.96,2.4,9.0,-10.0,0.8,1.41,0.0,0.238844
1.96,2.4,9.0,-5.0,0.3,0.443424,0.0,0.032647
1.96,2.4,9.0,-5.0,0.5,0.488438,0.0,0.03657
1.96,2.4,9.0,-5.0,0.65,0.556627,0.0,0.042513
1.96,2.4,9.0,-5.0,0.72,0.609533,0.0,0.047124
1.96,2.4,9.0,-5.0,0.8,0.705,0.0,0.055445
1.96,2.4,9.0,0.0,0.3,-0.0,0.0,-0.006
1.96,2.4,9.0,0.0,0.5,-0.0,0.0,-0.006
1.96,2.4,9.0,0.0,0.65,-0.0,0.0,-0.006
1.96,2.4,9.0,0.0,0.72,-0.0,0.0,-0.006
1.96,2.4,9.0,0.0,0.8,-0.0,0.0,-0.006
1.96,2.4,9.0,5.0,0.3,-0.443424,0.0,0.032647
1.96,2.4,9.0,5.0,0.5,-0.488438,0.0,0.03657
1.96,2.4,9.0,5.0,0.65,-0.556627,0.0,0.042513
1.96,2.4,9.0,5.0,0.72,-0.609533,0.0,0.047124
1.96,2.4,9.0,5.0,0.8,-0.705,0.0,0.055445
1.96,2.4,9.0,10.0,0.3,-0.886849,0.0,0.148
1.96,2.4,9.0,10.0,0.5,-0.976877,0.0,0.163633
1.96,2.4,9.0,10.0,0.65,-1.113254,0.0,0.187315
1.96,2.4,9.0,10.0,0.72,-1.219066,0.0,0.205689
1.96,2.4,9.0,10.0,0.8,-1.41,0.0,0.238844
1.96,2.4,12.0,-10.0,0.3,0.886849,0.0,0.148
1.96,2.4,12.0,-10.0,0.5,0.976877,0.0,0.163633
1.96,2.4,12.0,-10.0,0.65,1.113254,0.0,0.187315
1.96,2.4,12.0,-10.0,0.72,1.219066,0.0,0.205689
1.96,2.4,12.0,-10.0,0.8,1.41,0.0,0.238844
1.96,2.4,12.0,-5.0,0.3,0.443424,0.0,0.032647
1.96,2.4,12.0,-5.0,0.5,0.488438,0.0,0.03657
1.96,2.4,12.0,-5.0,0.65,0.556627,0.0,0.042513
1.96,2.4,12.0,-5.0,0.72,0.609533,0.0,0.047124
1.96,2.4,12.0,-5.0,0.8,0.705,0.0,0.055445
1.96,2.4,12.0,0.0,0.3,-0.0,0.0,-0.006
1.96,2.4,12.0,0.0,0.5,-0.0,0.0,-0.006
1.96,2.4,12.0,0.0,0.65,-0.0,0.0,-0.006
1.96,2.4,12.0,0.0,0.72,-0.0,0.0,-0.006
1.96,2.4,12.0,0.0,0.8,-0.0,0.0,-0.006
1.96,2.4,12.0,5.0,0.3,-0.443424,0.0,0.032647
1.96,2.4,12.0,5.0,0.5,-0.488438,0.0,0.03657
1.96,2.4,12.0,5.0,0.65,-0.556627,0.0,0.042513
1.96,2.4,12.0,5.0,0.72,-0.609533,0.0,0.047124
1.96,2.4,12.0,5.0,0.8,-0.705,0.0,0.055445
1.96,2.4,12.0,10.0,0.3,-0.886849,0.0,0.148
1.96,2.4,12.0,10.0,0.5,-0.976877,0.0,0.163633
1.96,2.4,12.0,10.0,0.65,-1.113254,0.0,0.187315
1.96,2.4,12.0,10.0,0.72,-1.219066,0.0,0.205689
1.96,2.4,12.0,10.0,0.8,-1.41,0.0,0.238844
1.96,2.4,15.0,-10.0,0.3,0.886849,0.0,0.148
1.96,2.4,15.0,-10.0,0.5,0.976877,0.0,0.163633
1.96,2.4,15.0,-10.0,0.65,1.113254,0.0,0.187315
1.96,2.4,15.0,-10.0,0.72,1.219066,0.0,0.205689
1.96,2.4,15.0,-10.0,0.8,1.41,0.0,0.238844
1.96,2.4,15.0,-5.0,0.3,0.443424,0.0,0.032647
1.96,2.4,15.0,-5.0,0.5,0.488438,0.0,0.03657
1.96,2.4,15.0,-5.0,0.65,0.556627,0.0,0.042513
1.96,2.4,15.0,-5.0,0.72,0.609533,0.0,0.047124
1.96,2.4,15.0,-5.0,0.8,0.705,0.0,0.055445
1.96,2.4,15.0,0.0,0.3,-0.0,0.0,-0.006
1.96,2.4,15.0,0.0,0.5,-0.0,0.0,-0.006
1.96,2.4,15.0,0.0,0.65,-0.0,0.0,-0.006
1.96,2.4,15.0,0.0,0.72,-0.0,0.0,-0.006
1.96,2.4,15.0,0.0,0.8,-0.0,0.0,-0.006
1.96,2.4,15.0,5.0,0.3,-0.443424,0.0,0.032647
1.96,2.4,15.0,5.0,0.5,-0.488438,0.0,0.03657
1.96,2.4,15.0,5.0,0.65,-0.556627,0.0,0.042513
1.96,2.4,15.0,5.0,0.72,-0.609533,0.0,0.047124
1.96,2.4,15.0,5.0,0.8,-0.705,0.0,0.055445
1.96,2.4,15.0,10.0,0.3,-0.886849,0.0,0.148
1.96,2.4,15.0,10.0,0.5,-0.976877,0.0,0.163633
1.96,2.4,15.0,10.0,0.65,-1.113254,0.0,0.187315
1.96,2.4,15.0,10.0,0.72,-1.219066,0.0,0.205689
1.96,2.4,15.0,10.0,0.8,-1.41,0.0,0.238844
2.94,2.1,-6.0,-10.0,0.3,0.858545,0.0,0.143085
2.94,2.1,-6.0,-10.0,0.5,0.9457,0.0,0.158219
2.94,2.1,-6.0,-10.0,0.65,1.077725,0.0,0.181145
2.94,2.1,-6.0,-10.0,0.72,1.180159,0.0,0.198933
2.94,2.1,-6.0,-10.0,0.8,1.365,0.0,0.23103
2.94,2.1,-6.0,-5.0,0.3,0.429273,0.0,0.031414
2.94,2.1,-6.0,-5.0,0.5,0.47285,0.0,0.035212
2.94,2.1,-6.0,-5.0,0.65,0.538862,0.0,0.040965
2.94,2.1,-6.0,-5.0,0.72,0.59008,0.0,0.045429
2.94,2.1,-6.0,-5.0,0.8,0.6825,0.0,0.053484
2.94,2.1,-6.0,0.0,0.3,-0.0,0.0,-0.006
2.94,2.1,-6.0,0.0,0.5,-0.0,0.0,-0.006
2.94,2.1,-6.0,0.0,0.65,-0.0,0.0,-0.006
2.94,2.1,-6.0,0.0,0.72,-0.0,0.0,-0.006
2.94,2.1,-6.0,0.0,0.8,-0.0,0.0,-0.006
2.94,2.1,-6.0,5.0,0.3,-0.429273,0.0,0.031414
2.94,2.1,-6.0,5.0,0.5,-0.47285,0.0,0.035212
2.94,2.1,-6.0,5.0,0.65,-0.538862,0.0,0.040965
2.94,2.1,-6.0,5.0,0.72,-0.59008,0.0,0.045429
2.94,2.1,-6.0,5.0,0.8,-0.6825,0.0,0.053484
2.94,2.1,-6.0,10.0,0.3,-0.858545,0.0,0.143085
2.94,2.1,-6.0,10.0,0.5,-0.9457,0.0,0.158219
2.94,2.1,-6.0,10.0,0.65,-1.077725,0.0,0.181145
2.94,2.1,-6.0,10.0,0.72,-1.180159,0.0,0.198933
2.94,2.1,-6.0,10.0,0.8,-1.365,0.0,0.23103
2.94,2.1,-3.0,-10.0,0.3,0.858545,0.0,0.143085
2.94,2.1,-3.0,-10.0,0.5,0.9457,0.0,0.158219
2.94,2.1,-3.0,-10.0,0.65,1.077725,0.0,0.181145
2.94,2.1,-3.0,-10.0,0.72,1.180159,0.0,0.198933
2.94,2.1,-3.0,-10.0,0.8,1.365,0.0,0.23103
2.94,2.1,-3.0,-5.0,0.3,0.429273,0.0,0.031414
2.94,2.1,-3.0,-5.0,0.5,0.47285,0.0,0.035212
2.94,2.1,-3.0,-5.0,0.65,0.538862,0.0,0.040965
2.94,2.1,-3.0,-5.0,0.72,0.59008,0.0,0.045429
2.94,2.1,-3.0,-5.0,0.8,0.6825,0.0,0.053484
2.94,2.1,-3.0,0.0,0.3,-0.0,0.0,-0.006
2.94,2.1,-3.0,0.0,0.5,-0.0,0.0,-0.006
2.94,2.1,-3.0,0.0,0.65,-0.0,0.0,-0.006
2.94,2.1,-3.0,0.0,0.72,-0.0,0.0,-0.006
2.94,2.1,-3.0,0.0,0.8,-0.0,0.0,-0.006
2.94,2.1,-3.0,5.0,0.3,-0.429273,0.0,0.031414
2.94,2.1,-3.0,5.0,0.5,-0.47285,0.0,0.035212
2.94,2.1,-3.0,5.0,0.65,-0.538862,0.0,0.040965
2.94,2.1,-3.0,5.0,0.72,-0.59008,0.0,0.045429
2.94,2.1,-3.0,5.0,0.8,-0.6825,0.0,0.053484
2.94,2.1,-3.0,10.0,0.3,-0.858545,0.0,0.143085
2.94,2.1,-3.0,10.0,0.5,-0.9457,0.0,0.158219
2.94,2.1,-3.0,10.0,0.65,-1.077725,0.0,0.181145
2.94,2.1,-3.0,10.0,0.72,-1.180159,0.0,0.198933
2.94,2.1,-3.0,10.0,0.8,-1.365,0.0,0.23103
2.94,2.1,0.0,-10.0,0.3,0.858545,0.0,0.143085
2.94,2.1,0.0,-10.0,0.5,0.9457,0.0,0.158219
2.94,2.1,0.0,-10.0,0.65,1.077725,0.0,0.181145
2.94,2.1,0.0,-10.0,0.72,1.180159,0.0,0.198933
2.94,2.1,0.0,-10.0,0.8,1.365,0.0,0.23103
2.94,2.1,0.0,-5.0,0.3,0.429273,0.0,0.031414
2.94,2.1,0.0,-5.0,0.5,0.47285,0.0,0.035212
2.94,2.1,0.0,-5.0,0.65,0.538862,0.0,0.040965
2.94,2.1,0.0,-5.0,0.72,0.59008,0.0,0.045429
2.94,2.1,0.0,-5.0,0.8,0.6825,0.0,0.053484
2.94,2.1,0.0,0.0,0.3,-0.0,0.0,-0.006
2.94,2.1,0.0,0.0,0.5,-0.0,0.0,-0.006
2.94,2.1,0.0,0.0,0.65,-0.0,0.0,-0.006
2.94,2.1,0.0,0.0,0.72,-0.0,0.0,-0.006
2.94,2.1,0.0,0.0,0.8,-0.0,0.0,-0.006
2.94,2.1,0.0,5.0,0.3,-0.429273,0.0,0.031414
2.94,2.1,0.0,5.0,0.5,-0.47285,0.0,0.035212
2.94,2.1,0.0,5.0,0.65,-0.538862,0.0,0.040965
2.94,2.1,0.0,5.0,0.72,-0.59008,0.0,0.045429
2.94,2.1,0.0,5.0,0.8,-0.6825,0.0,0.053484
2.94,2.1,0.0,10.0,0.3,-0.858545,0.0,0.143085
2.94,2.1,0.0,10.0,0.5,-0.9457,0.0,0.158219
2.94,2.1,0.0,10.0,0.65,-1.077725,0.0,0.181145
2.94,2.1,0.0,10.0,0.72,-1.180159,0.0,0.198933
2.94,2.1,0.0,10.0,0.8,-1.365,0.0,0.23103
2.94,2.1,3.0,-10.0,0.3,0.858545,0.0,0.143085
2.94,2.1,3.0,-10.0,0.5,0.9457,0.0,0.158219
2.94,2.1,3.0,-10.0,0.65,1.077725,0.0,0.181145
2.94,2.1,3.0,-10.0,0.72,1.180159,0.0,0.198933
2.94,2.1,3.0,-10.0,0.8,1.365,0.0,0.23103
2.94,2.1,3.0,-5.0,0.3,0.429273,0.0,0.031414
2.94,2.1,3.0,-5.0,0.5,0.47285,0.0,0.035212
2.94,2.1,3.0,-5.0,0.65,0.538862,0.0,0.040965
2.94,2.1,3.0,-5.0,0.72,0.59008,0.0,0.045429
2.94,2.1,3.0,-5.0,0.8,0.6825,0.0,0.053484
2.94,2.1,3.0,0.0,0.3,-0.0,0.0,-0.006
2.94,2.1,3.0,0.0,0.5,-0.0,0.0,-0.006
2.94,2.1,3.0,0.0,0.65,-0.0,0.0,-0.006
2.94,2.1,3.0,0.0,0.72,-0.0,0.0,-0.006
2.94,2.1,3.0,0.0,0.8,-0.0,0.0,-0.006
2.94,2.1,3.0,5.0,0.3,-0.429273,0.0,0.031414
2.94,2.1,3.0,5.0,0.5,-0.47285,0.0,0.035212
2.94,2.1,3.0,5.0,0.65,-0.538862,0.0,0.040965
2.94,2.1,3.0,5.0,0.72,-0.59008,0.0,0.045429
2.94,2.1,3.0,5.0,0.8,-0.6825,0.0,0.053484
2.94,2.1,3.0,10.0,0.3,-0.858545,0.0,0.143085
2.94,2.1,3.0,10.0,0.5,-0.9457,0.0,0.158219
2.94,2.1,3.0,10.0,0.65,-1.077725,0.0,0.181145
2.94,2.1,3.0,10.0,0.72,-1.180159,0.0,0.198933
2.94,2.1,3.0,10.0,0.8,-1.365,0.0,0.23103
2.94,2.1,6.0,-10.0,0.3,0.858545,0.0,0.143085
2.94,2.1,6.0,-10.0,0.5,0.9457,0.0,0.158219
2.94,2.1,6.0,-10.0,0.65,1.077725,0.0,0.181145
2.94,2.1,6.0,-10.0,0.72,1.180159,0.0,0.198933
2.94,2.1,6.0,-10.0,0.8,1.365,0.0,0.23103
2.94,2.1,6.0,-5.0,0.3,0.429273,0.0,0.031414
2.94,2.1,6.0,-5.0,0.5,0.47285,0.0,0.035212
2.94,2.1,6.0,-5.0,0.65,0.538862,0.0,0.040965
2.94,2.1,6.0,-5.0,0.72,0.59008,0.0,0.045429
2.94,2.1,6.0,-5.0,0.8,0.6825,0.0,0.053484
2.94,2.1,6.0,0.0,0.3,-0.0,0.0,-0.006
2.94,2.1,6.0,0.0,0.5,-0.0,0.0,-0.006
2.94,2.1,6.0,0.0,0.65,-0.0,0.0,-0.006
2.94,2.1,6.0,0.0,0.72,-0.0,0.0,-0.006
2.94,2.1,6.0,0.0,0.8,-0.0,0.0,-0.006
2.94,2.1,6.0,5.0,0.3,-0.429273,0.0,0.031414
2.94,2.1,6.0,5.0,0.5,-0.47285,0.0,0.035212
2.94,2.1,6.0,5.0,0.65,-0.538862,0.0,0.040965
2.94,2.1,6.0,5.0,0.72,-0.59008,0.0,0.045429
2.94,2.1,6.0,5.0,0.8,-0.6825,0.0,0.053484
2.94,2.1,6.0,10.0,0.3,-0.858545,0.0,0.143085
2.94,2.1,6.0,10.0,0.5,-0.9457,0.0,0.158219
2.94,2.1,6.0,10.0,0.65,-1.077725,0.0,0.181145
2.94,2.1,6.0,10.0,0.72,-1.180159,0.0,0.198933
2.94,2.1,6.0,10.0,0.8,-1.365,0.0,0.23103
2.94,2.1,9.0,-10.0,0.3,0.858545,0.0,0.143085
2.94,2.1,9.0,-10.0,0.5,0.9457,0.0,0.158219
2.94,2.1,9.0,-10.0,0.65,1.077725,0.0,0.181145
2.94,2.1,9.0,-10.0,0.72,1.180159,0.0,0.198933
2.94,2.1,9.0,-10.0,0.8,1.365,0.0,0.23103
2.94,2.1,9.0,-5.0,0.3,0.429273,0.0,0.031414
2.94,2.1,9.0,-5.0,0.5,0.47285,0.0,0.035212
2.94,2.1,9.0,-5.0,0.65,0.538862,0.0,0.040965
2.94,2.1,9.0,-5.0,0.72,0.59008,0.0,0.045429
2.94,2.1,9.0,-5.0,0.8,0.6825,0.0,0.053484
2.94,2.1,9.0,0.0,0.3,-0.0,0.0,-0.006
2.94,2.1,9.0,0.0,0.5,-0.0,0.0,-0.006
2.94,2.1,9.0,0.0,0.65,-0.0,0.0,-0.006
2.94,2.1,9.0,0.0,0.72,-0.0,0.0,-0.006
2.94,2.1,9.0,0.0,0.8,-0.0,0.0,-0.006
2.94,2.1,9.0,5.0,0.3,-0.429273,0.0,0.031414
2.94,2.1,9.0,5.0,0.5,-0.47285,0.0,0.035212
2.94,2.1,9.0,5.0,0.65,-0.538862,0.0,0.040965
2.94,2.1,9.0,5.0,0.72,-0.59008,0.0,0.045429
2.94,2.1,9.0,5.0,0.8,-0.6825,0.0,0.053484
2.94,2.1,9.0,10.0,0.3,-0.858545,0.0,0.143085
2.94,2.1,9.0,10.0,0.5,-0.9457,0.0,0.158219
2.94,2.1,9.0,10.0,0.65,-1.077725,0.0,0.181145
2.94,2.1,9.0,10.0,0.72,-1.180159,0.0,0.198933
2.94,2.1,9.0,10.0,0.8,-1.365,0.0,0.23103
2.94,2.1,12.0,-10.0,0.3,0.858545,0.0,0.143085
2.94,2.1,12.0,-10.0,0.5,0.9457,0.0,0.158219
2.94,2.1,12.0,-10.0,0.65,1.077725,0.0,0.181145
2.94,2.1,12.0,-10.0,0.72,1.180159,0.0,0.198933
2.94,2.1,12.0,-10.0,0.8,1.365,0.0,0.23103
2.94,2.1,12.0,-5.0,0.3,0.429273,0.0,0.031414
2.94,2.1,12.0,-5.0,0.5,0.47285,0.0,0.035212
2.94,2.1,12.0,-5.0,0.65,0.538862,0.0,0.040965
2.94,2.1,12.0,-5.0,0.72,0.59008,0.0,0.045429
2.94,2.1,12.0,-5.0,0.8,0.6825,0.0,0.053484
2.94,2.1,12.0,0.0,0.3,-0.0,0.0,-0.006
2.94,2.1,12.0,0.0,0.5,-0.0,0.0,-0.006
2.94,2.1,12.0,0.0,0.65,-0.0,0.0,-0.006
2.94,2.1,12.0,0.0,0.72,-0.0,0.0,-0.006
2.94,2.1,12.0,0.0,0.8,-0.0,0.0,-0.006
2.94,2.1,12.0,5.0,0.3,-0.429273,0.0,0.031414
2.94,2.1,12.0,5.0,0.5,-0.47285,0.0,0.035212
2.94,2.1,12.0,5.0,0.65,-0.538862,0.0,0.040965
2.94,2.1,12.0,5.0,0.72,-0.59008,0.0,0.045429
2.94,2.1,12.0,5.0,0.8,-0.6825,0.0,0.053484
2.94,2.1,12.0,10.0,0.3,-0.858545,0.0,0.143085
2.94,2.1,12.0,10.0,0.5,-0.9457,0.0,0.158219
2.94,2.1,12.0,10.0,0.65,-1.077725,0.0,0.181145
2.94,2.1,12.0,10.0,0.72,-1.180159,0.0,0.198933
2.94,2.1,12.0,10.0,0.8,-1.365,0.0,0.23103
2.94,2.1,15.0,-10.0,0.3,0.858545,0.0,0.143085
2.94,2.1,15.0,-10.0,0.5,0.9457,0.0,0.158219
2.94,2.1,15.0,-10.0,0.65,1.077725,0.0,0.181145
2.94,2.1,15.0,-10.0,0.72,1.180159,0.0,0.198933
2.94,2.1,15.0,-10.0,0.8,1.365,0.0,0.23103
2.94,2.1,15.0,-5.0,0.3,0.429273,0.0,0.031414
2.94,2.1,15.0,-5.0,0.5,0.47285,0.0,0.035212
2.94,2.1,15.0,-5.0,0.65,0.538862,0.0,0.040965
2.94,2.1,15.0,-5.0,0.72,0.59008,0.0,0.045429
2.94,2.1,15.0,-5.0,0.8,0.6825,0.0,0.053484
2.94,2.1,15.0,0.0,0.3,-0.0,0.0,-0.006
2.94,2.1,15.0,0.0,0.5,-0.0,0.0,-0.006
2.94,2.1,15.0,0.0,0.65,-0.0,0.0,-0.006
2.94,2.1,15.0,0.0,0.72,-0.0,0.0,-0.006
2.94,2.1,15.0,0.0,0.8,-0.0,0.0,-0.006
2.94,2.1,15.0,5.0,0.3,-0.429273,0.0,0.031414
2.94,2.1,15.0,5.0,0.5,-0.47285,0.0,0.035212
2.94,2.1,15.0,5.0,0.65,-0.538862,0.0,0.040965
2.94,2.1,15.0,5.0,0.72,-0.59008,0.0,0.045429
2.94,2.1,15.0,5.0,0.8,-0.6825,0.0,0.053484
2.94,2.1,15.0,10.0,0.3,-0.858545,0.0,0.143085
2.94,2.1,15.0,10.0,0.5,-0.9457,0.0,0.158219
2.94,2.1,15.0,10.0,0.65,-1.077725,0.0,0.181145
2.94,2.1,15.0,10.0,0.72,-1.180159,0.0,0.198933
2.94,2.1,15.0,10.0,0.8,-1.365,0.0,0.23103
3.92,1.8,-6.0,-10.0,0.3,0.830242,0.0,0.13817
3.92,1.8,-6.0,-10.0,0.5,0.914523,0.0,0.152805
3.92,1.8,-6.0,-10.0,0.65,1.042195,0.0,0.174975
3.92,1.8,-6.0,-10.0,0.72,1.141253,0.0,0.192177
3.92,1.8,-6.0,-10.0,0.8,1.32,0.0,0.223216
3.92,1.8,-6.0,-5.0,0.3,0.415121,0.0,0.03018
3.92,1.8,-6.0,-5.0,0.5,0.457261,0.0,0.033853
3.92,1.8,-6.0,-5.0,0.65,0.521098,0.0,0.039417
3.92,1.8,-6.0,-5.0,0.72,0.570627,0.0,0.043733
3.92,1.8,-6.0,-5.0,0.8,0.66,0.0,0.051523
3.92,1.8,-6.0,0.0,0.3,-0.0,0.0,-0.006
3.92,1.8,-6.0,0.0,0.5,-0.0,0.0,-0.006
3.92,1.8,-6.0,0.0,0.65,-0.0,0.0,-0.006
3.92,1.8,-6.0,0.0,0.72,-0.0,0.0,-0.006
3.92,1.8,-6.0,0.0,0.8,-0.0,0.0,-0.006
3.92,1.8,-6.0,5.0,0.3,-0.415121,0.0,0.03018
3.92,1.8,-6.0,5.0,0.5,-0.457261,0.0,0.033853
3.92,1.8,-6.0,5.0,0.65,-0.521098,0.0,0.039417
3.92,1.8,-6.0,5.0,0.72,-0.570627,0.0,0.043733
3.92,1.8,-6.0,5.0,0.8,-0.66,0.0,0.051523
3.92,1.8,-6.0,10.0,0.3,-0.830242,0.0,0.13817
3.92,1.8,-6.0,10.0,0.5,-0.914523,0.0,0.152805
3.92,1.8,-6.0,10.0,0.65,-1.042195,0.0,0.174975
3.92,1.8,-6.0,10.0,0.72,-1.141253,0.0,0.192177
3.92,1.8,-6.0,10.0,0.8,-1.32,0.0,0.223216
3.92,1.8,-3.0,-10.0,0.3,0.830242,0.0,0.13817
3.92,1.8,-3.0,-10.0,0.5,0.914523,0.0,0.152805
3.92,1.8,-3.0,-10.0,0.65,1.042195,0.0,0.174975
3.92,1.8,-3.0,-10.0,0.72,1.141253,0.0,0.192177
3.92,1.8,-3.0,-10.0,0.8,1.32,0.0,0.223216
3.92,1.8,-3.0,-5.0,0.3,0.415121,0.0,0.03018
3.92,1.8,-3.0,-5.0,0.5,0.457261,0.0,0.033853
3.92,1.8,-3.0,-5.0,0.65,0.521098,0.0,0.039417
3.92,1.8,-3.0,-5.0,0.72,0.570627,0.0,0.043733
3.92,1.8,-3.0,-5.0,0.8,0.66,0.0,0.051523
3.92,1.8,-3.0,0.0,0.3,-0.0,0.0,-0.006
3.92,1.8,-3.0,0.0,0.5,-0.0,0.0,-0.006
3.92,1.8,-3.0,0.0,0.65,-0.0,0.0,-0.006
3.92,1.8,-3.0,0.0,0.72,-0.0,0.0,-0.006
3.92,1.8,-3.0,0.0,0.8,-0.0,0.0,-0.006
3.92,1.8,-3.0,5.0,0.3,-0.415121,0.0,0.03018
3.92,1.8,-3.0,5.0,0.5,-0.457261,0.0,0.033853
3.92,1.8,-3.0,5.0,0.65,-0.521098,0.0,0.039417
3.92,1.8,-3.0,5.0,0.72,-0.570627,0.0,0.043733
3.92,1.8,-3.0,5.0,0.8,-0.66,0.0,0.051523
3.92,1.8,-3.0,10.0,0.3,-0.830242,0.0,0.13817
3.92,1.8,-3.0,10.0,0.5,-0.914523,0.0,0.152805
3.92,1.8,-3.0,10.0,0.65,-1.042195,0.0,0.174975
3.92,1.8,-3.0,10.0,0.72,-1.141253,0.0,0.192177
3.92,1.8,-3.0,10.0,0.8,-1.32,0.0,0.223216
3.92,1.8,0.0,-10.0,0.3,0.830242,0.0,0.13817
3.92,1.8,0.0,-10.0,0.5,0.914523,0.0,0.152805
3.92,1.8,0.0,-10.0,0.65,1.042195,0.0,0.174975
3.92,1.8,0.0,-10.0,0.72,1.141253,0.0,0.192177
3.92,1.8,0.0,-10.0,0.8,1.32,0.0,0.223216
3.92,1.8,0.0,-5.0,0.3,0.415121,0.0,0.03018
3.92,1.8,0.0,-5.0,0.5,0.457261,0.0,0.033853
3.92,1.8,0.0,-5.0,0.65,0.521098,0.0,0.039417
3.92,1.8,0.0,-5.0,0.72,0.570627,0.0,0.043733
3.92,1.8,0.0,-5.0,0.8,0.66,0.0,0.051523
3.92,1.8,0.0,0.0,0.3,-0.0,0.0,-0.006
3.92,1.8,0.0,0.0,0.5,-0.0,0.0,-0.006
3.92,1.8,0.0,0.0,0.65,-0.0,0.0,-0.006
3.92,1.8,0.0,0.0,0.72,-0.0,0.0,-0.006
3.92,1.8,0.0,0.0,0.8,-0.0,0.0,-0.006
3.92,1.8,0.0,5.0,0.3,-0.415121,0.0,0.03018
3.92,1.8,0.0,5.0,0.5,-0.457261,0.0,0.033853
3.92,1.8,0.0,5.0,0.65,-0.521098,0.0,0.039417
3.92,1.8,0.0,5.0,0.72,-0.570627,0.0,0.043733
3.92,1.8,0.0,5.0,0.8,-0.66,0.0,0.051523
3.92,1.8,0.0,10.0,0.3,-0.830242,0.0,0.13817
3.92,1.8,0.0,10.0,0.5,-0.914523,0.0,0.152805
3.92,1.8,0.0,10.0,0.65,-1.042195,0.0,0.174975
3.92,1.8,0.0,10.0,0.72,-1.141253,0.0,0.192177
3.92,1.8,0.0,10.0,0.8,-1.32,0.0,0.223216
3.92,1.8,3.0,-10.0,0.3,0.830242,0.0,0.13817
3.92,1.8,3.0,-10.0,0.5,0.914523,0.0,0.152805
3.92,1.8,3.0,-10.0,0.65,1.042195,0.0,0.174975
3.92,1.8,3.0,-10.0,0.72,1.141253,0.0,0.192177
3.92,1.8,3.0,-10.0,0.8,1.32,0.0,0.223216
3.92,1.8,3.0,-5.0,0.3,0.415121,0.0,0.03018
3.92,1.8,3.0,-5.0,0.5,0.457261,0.0,0.033853
3.92,1.8,3.0,-5.0,0.65,0.521098,0.0,0.039417
3.92,1.8,3.0,-5.0,0.72,0.570627,0.0,0.043733
3.92,1.8,3.0,-5.0,0.8,0.66,0.0,0.051523
3.92,1.8,3.0,0.0,0.3,-0.0,0.0,-0.006
3.92,1.8,3.0,0.0,0.5,-0.0,0.0,-0.006
3.92,1.8,3.0,0.0,0.65,-0.0,0.0,-0.006
3.92,1.8,3.0,0.0,0.72,-0.0,0.0,-0.006
3.92,1.8,3.0,0.0,0.8,-0.0,0.0,-0.006
3.92,1.8,3.0,5.0,0.3,-0.415121,0.0,0.03018
3.92,1.8,3.0,5.0,0.5,-0.457261,0.0,0.033853
3.92,1.8,3.0,5.0,0.65,-0.521098,0.0,0.039417
3.92,1.8,3.0,5.0,0.72,-0.570627,0.0,0.043733
3.92,1.8,3.0,5.0,0.8,-0.66,0.0,0.051523
3.92,1.8,3.0,10.0,0.3,-0.830242,0.0,0.13817
3.92,1.8,3.0,10.0,0.5,-0.914523,0.0,0.152805
3.92,1.8,3.0,10.0,0.65,-1.042195,0.0,0.174975
3.92,1.8,3.0,10.0,0.72,-1.141253,0.0,0.192177
3.92,1.8,3.0,10.0,0.8,-1.32,0.0,0.223216
3.92,1.8,6.0,-10.0,0.3,0.830242,0.0,0.13817
3.92,1.8,6.0,-10.0,0.5,0.914523,0.0,0.152805
3.92,1.8,6.0,-10.0,0.65,1.042195,0.0,0.174975
3.92,1.8,6.0,-10.0,0.72,1.141253,0.0,0.192177
3.92,1.8,6.0,-10.0,0.8,1.32,0.0,0.223216
3.92,1.8,6.0,-5.0,0.3,0.415121,0.0,0.03018
3.92,1.8,6.0,-5.0,0.5,0.457261,0.0,0.033853
3.92,1.8,6.0,-5.0,0.65,0.521098,0.0,0.039417
3.92,1.8,6.0,-5.0,0.72,0.570627,0.0,0.043733
3.92,1.8,6.0,-5.0,0.8,0.66,0.0,0.051523
3.92,1.8,6.0,0.0,0.3,-0.0,0.0,-0.006
3.92,1.8,6.0,0.0,0.5,-0.0,0.0,-0.006
3.92,1.8,6.0,0.0,0.65,-0.0,0.0,-0.006
3.92,1.8,6.0,0.0,0.72,-0.0,0.0,-0.006
3.92,1.8,6.0,0.0,0.8,-0.0,0.0,-0.006
3.92,1.8,6.0,5.0,0.3,-0.415121,0.0,0.03018
3.92,1.8,6.0,5.0,0.5,-0.457261,0.0,0.033853
3.92,1.8,6.0,5.0,0.65,-0.521098,0.0,0.039417
3.92,1.8,6.0,5.0,0.72,-0.570627,0.0,0.043733
3.92,1.8,6.0,5.0,0.8,-0.66,0.0,0.051523
3.92,1.8,6.0,10.0,0.3,-0.830242,0.0,0.13817
3.92,1.8,6.0,10.0,0.5,-0.914523,0.0,0.152805
3.92,1.8,6.0,10.0,0.65,-1.042195,0.0,0.174975
3.92,1.8,6.0,10.0,0.72,-1.141253,0.0,0.192177
3.92,1.8,6.0,10.0,0.8,-1.32,0.0,0.223216
3.92,1.8,9.0,-10.0,0.3,0.830242,0.0,0.13817
3.92,1.8,9.0,-10.0,0.5,0.914523,0.0,0.152805
3.92,1.8,9.0,-10.0,0.65,1.042195,0.0,0.174975
3.92,1.8,9.0,-10.0,0.72,1.141253,0.0,0.192177
3.92,1.8,9.0,-10.0,0.8,1.32,0.0,0.223216
3.92,1.8,9.0,-5.0,0.3,0.415121,0.0,0.03018
3.92,1.8,9.0,-5.0,0.5,0.457261,0.0,0.033853
3.92,1.8,9.0,-5.0,0.65,0.521098,0.0,0.039417
3.92,1.8,9.0,-5.0,0.72,0.570627,0.0,0.043733
3.92,1.8,9.0,-5.0,0.8,0.66,0.0,0.051523
3.92,1.8,9.0,0.0,0.3,-0.0,0.0,-0.006
3.92,1.8,9.0,0.0,0.5,-0.0,0.0,-0.006
3.92,1.8,9.0,0.0,0.65,-0.0,0.0,-0.006
3.92,1.8,9.0,0.0,0.72,-0.0,0.0,-0.006
3.92,1.8,9.0,0.0,0.8,-0.0,0.0,-0.006
3.92,1.8,9.0,5.0,0.3,-0.415121,0.0,0.03018
3.92,1.8,9.0,5.0,0.5,-0.457261,0.0,0.033853
3.92,1.8,9.0,5.0,0.65,-0.521098,0.0,0.039417
3.92,1.8,9.0,5.0,0.72,-0.570627,0.0,0.043733
3.92,1.8,9.0,5.0,0.8,-0.66,0.0,0.051523
3.92,1.8,9.0,10.0,0.3,-0.830242,0.0,0.13817
3.92,1.8,9.0,10.0,0.5,-0.914523,0.0,0.152805
3.92,1.8,9.0,10.0,0.65,-1.042195,0.0,0.174975
3.92,1.8,9.0,10.0,0.72,-1.141253,0.0,0.192177
3.92,1.8,9.0,10.0,0.8,-1.32,0.0,0.223216
3.92,1.8,12.0,-10.0,0.3,0.830242,0.0,0.13817
3.92,1.8,12.0,-10.0,0.5,0.914523,0.0,0.152805
3.92,1.8,12.0,-10.0,0.65,1.042195,0.0,0.174975
3.92,1.8,12.0,-10.0,0.72,1.141253,0.0,0.192177
3.92,1.8,12.0,-10.0,0.8,1.32,0.0,0.223216
3.92,1.8,12.0,-5.0,0.3,0.415121,0.0,0.03018
3.92,1.8,12.0,-5.0,0.5,0.457261,0.0,0.033853
3.92,1.8,12.0,-5.0,0.65,0.521098,0.0,0.039417
3.92,1.8,12.0,-5.0,0.72,0.570627,0.0,0.043733
3.92,1.8,12.0,-5.0,0.8,0.66,0.0,0.051523
3.92,1.8,12.0,0.0,0.3,-0.0,0.0,-0.006
3.92,1.8,12.0,0.0,0.5,-0.0,0.0,-0.006
3.92,1.8,12.0,0.0,0.65,-0.0,0.0,-0.006
3.92,1.8,12.0,0.0,0.72,-0.0,0.0,-0.006
3.92,1.8,12.0,0.0,0.8,-0.0,0.0,-0.006
3.92,1.8,12.0,5.0,0.3,-0.415121,0.0,0.03018
3.92,1.8,12.0,5.0,0.5,-0.457261,0.0,0.033853
3.92,1.8,12.0,5.0,0.65,-0.521098,0.0,0.039417
3.92,1.8,12.0,5.0,0.72,-0.570627,0.0,0.043733
3.92,1.8,12.0,5.0,0.8,-0.66,0.0,0.051523
3.92,1.8,12.0,10.0,0.3,-0.830242,0.0,0.13817
3.92,1.8,12.0,10.0,0.5,-0.914523,0.0,0.152805
3.92,1.8,12.0,10.0,0.65,-1.042195,0.0,0.174975
3.92,1.8,12.0,10.0,0.72,-1.141253,0.0,0.192177
3.92,1.8,12.0,10.0,0.8,-1.32,0.0,0.223216
3.92,1.8,15.0,-10.0,0.3,0.830242,0.0,0.13817
3.92,1.8,15.0,-10.0,0.5,0.914523,0.0,0.152805
3.92,1.8,15.0,-10.0,0.65,1.042195,0.0,0.174975
3.92,1.8,15.0,-10.0,0.72,1.141253,0.0,0.192177
3.92,1.8,15.0,-10.0,0.8,1.32,0.0,0.223216
3.92,1.8,15.0,-5.0,0.3,0.415121,0.0,0.03018
3.92,1.8,15.0,-5.0,0.5,0.457261,0.0,0.033853
3.92,1.8,15.0,-5.0,0.65,0.521098,0.0,0.039417
3.92,1.8,15.0,-5.0,0.72,0.570627,0.0,0.043733
3.92,1.8,15.0,-5.0,0.8,0.66,0.0,0.051523
3.92,1.8,15.0,0.0,0.3,-0.0,0.0,-0.006
3.92,1.8,15.0,0.0,0.5,-0.0,0.0,-0.006
3.92,1.8,15.0,0.0,0.65,-0.0,0.0,-0.006
3.92,1.8,15.0,0.0,0.72,-0.0,0.0,-0.006
3.92,1.8,15.0,0.0,0.8,-0.0,0.0,-0.006
3.92,1.8,15.0,5.0,0.3,-0.415121,0.0,0.03018
3.92,1.8,15.0,5.0,0.5,-0.457261,0.0,0.033853
3.92,1.8,15.0,5.0,0.65,-0.521098,0.0,0.039417
3.92,1.8,15.0,5.0,0.72,-0.570627,0.0,0.043733
3.92,1.8,15.0,5.0,0.8,-0.66,0.0,0.051523
3.92,1.8,15.0,10.0,0.3,-0.830242,0.0,0.13817
3.92,1.8,15.0,10.0,0.5,-0.914523,0.0,0.152805
3.92,1.8,15.0,10.0,0.65,-1.042195,0.0,0.174975
3.92,1.8,15.0,10.0,0.72,-1.141253,0.0,0.192177
3.92,1.8,15.0,10.0,0.8,-1.32,0.0,0.223216
4.9,1.5,-6.0,-10.0,0.3,0.801938,0.0,0.133255
4.9,1.5,-6.0,-10.0,0.5,0.883346,0.0,0.147391
4.9,1.5,-6.0,-10.0,0.65,1.006666,0.0,0.168806
4.9,1.5,-6.0,-10.0,0.72,1.102347,0.0,0.18542
4.9,1.5,-6.0,-10.0,0.8,1.275,0.0,0.215401
4.9,1.5,-6.0,-5.0,0.3,0.400969,0.0,0.028947
4.9,1.5,-6.0,-5.0,0.5,0.441673,0.0,0.032494
4.9,1.5,-6.0,-5.0,0.65,0.503333,0.0,0.037868
4.9,1.5,-6.0,-5.0,0.72,0.551173,0.0,0.042038
4.9,1.5,-6.0,-5.0,0.8,0.6375,0.0,0.049562
4.9,1.5,-6.0,0.0,0.3,-0.0,0.0,-0.006
4.9,1.5,-6.0,0.0,0.5,-0.0,0.0,-0.006
4.9,1.5,-6.0,0.0,0.65,-0.0,0.0,-0.006
4.9,1.5,-6.0,0.0,0.72,-0.0,0.0,-0.006
4.9,1.5,-6.0,0.0,0.8,-0.0,0.0,-0.006
4.9,1.5,-6.0,5.0,0.3,-0.400969,0.0,0.028947
4.9,1.5,-6.0,5.0,0.5,-0.441673,0.0,0.032494
4.9,1.5,-6.0,5.0,0.65,-0.503333,0.0,0.037868
4.9,1.5,-6.0,5.0,0.72,-0.551173,0.0,0.042038
4.9,1.5,-6.0,5.0,0.8,-0.6375,0.0,0.049562
4.9,1.5,-6.0,10.0,0.3,-0.801938,0.0,0.133255
4.9,1.5,-6.0,10.0,0.5,-0.883346,0.0,0.147391
4.9,1.5,-6.0,10.0,0.65,-1.006666,0.0,0.168806
4.9,1.5,-6.0,10.0,0.72,-1.102347,0.0,0.18542
4.9,1.5,-6.0,10.0,0.8,-1.275,0.0,0.215401
4.9,1.5,-3.0,-10.0,0.3,0.801938,0.0,0.133255
4.9,1.5,-3.0,-10.0,0.5,0.883346,0.0,0.147391
4.9,1.5,-3.0,-10.0,0.65,1.006666,0.0,0.168806
4.9,1.5,-3.0,-10.0,0.72,1.102347,0.0,0.18542
4.9,1.5,-3.0,-10.0,0.8,1.275,0.0,0.215401
4.9,1.5,-3.0,-5.0,0.3,0.400969,0.0,0.028947
4.9,1.5,-3.0,-5.0,0.5,0.441673,0.0,0.032494
4.9,1.5,-3.0,-5.0,0.65,0.503333,0.0,0.037868
4.9,1.5,-3.0,-5.0,0.72,0.551173,0.0,0.042038
4.9,1.5,-3.0,-5.0,0.8,0.6375,0.0,0.049562
4.9,1.5,-3.0,0.0,0.3,-0.0,0.0,-0.006
4.9,1.5,-3.0,0.0,0.5,-0.0,0.0,-0.006
4.9,1.5,-3.0,0.0,0.65,-0.0,0.0,-0.006
4.9,1.5,-3.0,0.0,0.72,-0.0,0.0,-0.006
4.9,1.5,-3.0,0.0,0.8,-0.0,0.0,-0.006
4.9,1.5,-3.0,5.0,0.3,-0.400969,0.0,0.028947
4.9,1.5,-3.0,5.0,0.5,-0.441673,0.0,0.032494
4.9,1.5,-3.0,5.0,0.65,-0.503333,0.0,0.037868
4.9,1.5,-3.0,5.0,0.72,-0.551173,0.0,0.042038
4.9,1.5,-3.0,5.0,0.8,-0.6375,0.0,0.049562
4.9,1.5,-3.0,10.0,0.3,-0.801938,0.0,0.133255
4.9,1.5,-3.0,10.0,0.5,-0.883346,0.0,0.147391
4.9,1.5,-3.0,10.0,0.65,-1.006666,0.0,0.168806
4.9,1.5,-3.0,10.0,0.72,-1.102347,0.0,0.18542
4.9,1.5,-3.0,10.0,0.8,-1.275,0.0,0.215401
4.9,1.5,0.0,-10.0,0.3,0.801938,0.0,0.133255
4.9,1.5,0.0,-10.0,0.5,0.883346,0.0,0.147391
4.9,1.5,0.0,-10.0,0.65,1.006666,0.0,0.168806
4.9,1.5,0.0,-10.0,0.72,1.102347,0.0,0.18542
4.9,1.5,0.0,-10.0,0.8,1.275,0.0,0.215401
4.9,1.5,0.0,-5.0,0.3,0.400969,0.0,0.028947
4.9,1.5,0.0,-5.0,0.5,0.441673,0.0,0.032494
4.9,1.5,0.0,-5.0,0.65,0.503333,0.0,0.037868
4.9,1.5,0.0,-5.0,0.72,0.551173,0.0,0.042038
4.9,1.5,0.0,-5.0,0.8,0.6375,0.0,0.049562
4.9,1.5,0.0,0.0,0.3,-0.0,0.0,-0.006
4.9,1.5,0.0,0.0,0.5,-0.0,0.0,-0.006
4.9,1.5,0.0,0.0,0.65,-0.0,0.0,-0.006
4.9,1.5,0.0,0.0,0.72,-0.0,0.0,-0.006
4.9,1.5,0.0,0.0,0.8,-0.0,0.0,-0.006
4.9,1.5,0.0,5.0,0.3,-0.400969,0.0,0.028947
4.9,1.5,0.0,5.0,0.5,-0.441673,0.0,0.032494
4.9,1.5,0.0,5.0,0.65,-0.503333,0.0,0.037868
4.9,1.5,0.0,5.0,0.72,-0.551173,0.0,0.042038
4.9,1.5,0.0,5.0,0.8,-0.6375,0.0,0.049562
4.9,1.5,0.0,10.0,0.3,-0.801938,0.0,0.133255
4.9,1.5,0.0,10.0,0.5,-0.883346,0.0,0.147391
4.9,1.5,0.0,10.0,0.65,-1.006666,0.0,0.168806
4.9,1.5,0.0,10.0,0.72,-1.102347,0.0,0.18542
4.9,1.5,0.0,10.0,0.8,-1.275,0.0,0.215401
4.9,1.5,3.0,-10.0,0.3,0.801938,0.0,0.133255
4.9,1.5,3.0,-10.0,0.5,0.883346,0.0,0.147391
4.9,1.5,3.0,-10.0,0.65,1.006666,0.0,0.168806
4.9,1.5,3.0,-10.0,0.72,1.102347,0.0,0.18542
4.9,1.5,3.0,-10.0,0.8,1.275,0.0,0.215401
4.9,1.5,3.0,-5.0,0.3,0.400969,0.0,0.028947
4.9,1.5,3.0,-5.0,0.5,0.441673,0.0,0.032494
4.9,1.5,3.0,-5.0,0.65,0.503333,0.0,0.037868
4.9,1.5,3.0,-5.0,0.72,0.551173,0.0,0.042038
4.9,1.5,3.0,-5.0,0.8,0.6375,0.0,0.049562
4.9,1.5,3.0,0.0,0.3,-0.0,0.0,-0.006
4.9,1.5,3.0,0.0,0.5,-0.0,0.0,-0.006
4.9,1.5,3.0,0.0,0.65,-0.0,0.0,-0.006
4.9,1.5,3.0,0.0,0.72,-0.0,0.0,-0.006
4.9,1.5,3.0,0.0,0.8,-0.0,0.0,-0.006
4.9,1.5,3.0,5.0,0.3,-0.400969,0.0,0.028947
4.9,1.5,3.0,5.0,0.5,-0.441673,0.0,0.032494
4.9,1.5,3.0,5.0,0.65,-0.503333,0.0,0.037868
4.9,1.5,3.0,5.0,0.72,-0.551173,0.0,0.042038
4.9,1.5,3.0,5.0,0.8,-0.6375,0.0,0.049562
4.9,1.5,3.0,10.0,0.3,-0.801938,0.0,0.133255
4.9,1.5,3.0,10.0,0.5,-0.883346,0.0,0.147391
4.9,1.5,3.0,10.0,0.65,-1.006666,0.0,0.168806
4.9,1.5,3.0,10.0,0.72,-1.102347,0.0,0.18542
4.9,1.5,3.0,10.0,0.8,-1.275,0.0,0.215401
4.9,1.5,6.0,-10.0,0.3,0.801938,0.0,0.133255
4.9,1.5,6.0,-10.0,0.5,0.883346,0.0,0.147391
4.9,1.5,6.0,-10.0,0.65,1.006666,0.0,0.168806
4.9,1.5,6.0,-10.0,0.72,1.102347,0.0,0.18542
4.9,1.5,6.0,-10.0,0.8,1.275,0.0,0.215401
4.9,1.5,6.0,-5.0,0.3,0.400969,0.0,0.028947
4.9,1.5,6.0,-5.0,0.5,0.441673,0.0,0.032494
4.9,1.5,6.0,-5.0,0.65,0.503333,0.0,0.037868
4.9,1.5,6.0,-5.0,0.72,0.551173,0.0,0.042038
4.9,1.5,6.0,-5.0,0.8,0.6375,0.0,0.049562
4.9,1.5,6.0,0.0,0.3,-0.0,0.0,-0.006
4.9,1.5,6.0,0.0,0.5,-0.0,0.0,-0.006
4.9,1.5,6.0,0.0,0.65,-0.0,0.0,-0.006
4.9,1.5,6.0,0.0,0.72,-0.0,0.0,-0.006
4.9,1.5,6.0,0.0,0.8,-0.0,0.0,-0.006
4.9,1.5,6.0,5.0,0.3,-0.400969,0.0,0.028947
4.9,1.5,6.0,5.0,0.5,-0.441673,0.0,0.032494
4.9,1.5,6.0,5.0,0.65,-0.503333,0.0,0.037868
4.9,1.5,6.0,5.0,0.72,-0.551173,0.0,0.042038
4.9,1.5,6.0,5.0,0.8,-0.6375,0.0,0.049562
4.9,1.5,6.0,10.0,0.3,-0.801938,0.0,0.133255
4.9,1.5,6.0,10.0,0.5,-0.883346,0.0,0.147391
4.9,1.5,6.0,10.0,0.65,-1.006666,0.0,0.168806
4.9,1.5,6.0,10.0,0.72,-1.102347,0.0,0.18542
4.9,1.5,6.0,10.0,0.8,-1.275,0.0,0.215401
4.9,1.5,9.0,-10.0,0.3,0.801938,0.0,0.133255
4.9,1.5,9.0,-10.0,0.5,0.883346,0.0,0.147391
4.9,1.5,9.0,-10.0,0.65,1.006666,0.0,0.168806
4.9,1.5,9.0,-10.0,0.72,1.102347,0.0,0.18542
4.9,1.5,9.0,-10.0,0.8,1.275,0.0,0.215401
4.9,1.5,9.0,-5.0,0.3,0.400969,0.0,0.028947
4.9,1.5,9.0,-5.0,0.5,0.441673,0.0,0.032494
4.9,1.5,9.0,-5.0,0.65,0.503333,0.0,0.037868
4.9,1.5,9.0,-5.0,0.72,0.551173,0.0,0.042038
4.9,1.5,9.0,-5.0,0.8,0.6375,0.0,0.049562
4.9,1.5,9.0,0.0,0.3,-0.0,0.0,-0.006
4.9,1.5,9.0,0.0,0.5,-0.0,0.0,-0.006
4.9,1.5,9.0,0.0,0.65,-0.0,0.0,-0.006
4.9,1.5,9.0,0.0,0.72,-0.0,0.0,-0.006
4.9,1.5,9.0,0.0,0.8,-0.0,0.0,-0.006
4.9,1.5,9.0,5.0,0.3,-0.400969,0.0,0.028947
4.9,1.5,9.0,5.0,0.5,-0.441673,0.0,0.032494
4.9,1.5,9.0,5.0,0.65,-0.503333,0.0,0.037868
4.9,1.5,9.0,5.0,0.72,-0.551173,0.0,0.042038
4.9,1.5,9.0,5.0,0.8,-0.6375,0.0,0.049562
4.9,1.5,9.0,10.0,0.3,-0.801938,0.0,0.133255
4.9,1.5,9.0,10.0,0.5,-0.883346,0.0,0.147391
4.9,1.5,9.0,10.0,0.65,-1.006666,0.0,0.168806
4.9,1.5,9.0,10.0,0.72,-1.102347,0.0,0.18542
4.9,1.5,9.0,10.0,0.8,-1.275,0.0,0.215401
4.9,1.5,12.0,-10.0,0.3,0.801938,0.0,0.133255
4.9,1.5,12.0,-10.0,0.5,0.883346,0.0,0.147391
4.9,1.5,12.0,-10.0,0.65,1.006666,0.0,0.168806
4.9,1.5,12.0,-10.0,0.72,1.102347,0.0,0.18542
4.9,1.5,12.0,-10.0,0.8,1.275,0.0,0.215401
4.9,1.5,12.0,-5.0,0.3,0.400969,0.0,0.028947
4.9,1.5,12.0,-5.0,0.5,0.441673,0.0,0.032494
4.9,1.5,12.0,-5.0,0.65,0.503333,0.0,0.037868
4.9,1.5,12.0,-5.0,0.72,0.551173,0.0,0.042038
4.9,1.5,12.0,-5.0,0.8,0.6375,0.0,0.049562
4.9,1.5,12.0,0.0,0.3,-0.0,0.0,-0.006
4.9,1.5,12.0,0.0,0.5,-0.0,0.0,-0.006
4.9,1.5,12.0,0.0,0.65,-0.0,0.0,-0.006
4.9,1.5,12.0,0.0,0.72,-0.0,0.0,-0.006
4.9,1.5,12.0,0.0,0.8,-0.0,0.0,-0.006
4.9,1.5,12.0,5.0,0.3,-0.400969,0.0,0.028947
4.9,1.5,12.0,5.0,0.5,-0.441673,0.0,0.032494
4.9,1.5,12.0,5.0,0.65,-0.503333,0.0,0.037868
4.9,1.5,12.0,5.0,0.72,-0.551173,0.0,0.042038
4.9,1.5,12.0,5.0,0.8,-0.6375,0.0,0.049562
4.9,1.5,12.0,10.0,0.3,-0.801938,0.0,0.133255
4.9,1.5,12.0,10.0,0.5,-0.883346,0.0,0.147391
4.9,1.5,12.0,10.0,0.65,-1.006666,0.0,0.168806
4.9,1.5,12.0,10.0,0.72,-1.102347,0.0,0.18542
4.9,1.5,12.0,10.0,0.8,-1.275,0.0,0.215401
4.9,1.5,15.0,-10.0,0.3,0.801938,0.0,0.133255
4.9,1.5,15.0,-10.0,0.5,0.883346,0.0,0.147391
4.9,1.5,15.0,-10.0,0.65,1.006666,0.0,0.168806
4.9,1.5,15.0,-10.0,0.72,1.102347,0.0,0.18542
4.9,1.5,15.0,-10.0,0.8,1.275,0.0,0.215401
4.9,1.5,15.0,-5.0,0.3,0.400969,0.0,0.028947
4.9,1.5,15.0,-5.0,0.5,0.441673,0.0,0.032494
4.9,1.5,15.0,-5.0,0.65,0.503333,0.0,0.037868
4.9,1.5,15.0,-5.0,0.72,0.551173,0.0,0.042038
4.9,1.5,15.0,-5.0,0.8,0.6375,0.0,0.049562
4.9,1.5,15.0,0.0,0.3,-0.0,0.0,-0.006
4.9,1.5,15.0,0.0,0.5,-0.0,0.0,-0.006
4.9,1.5,15.0,0.0,0.65,-0.0,0.0,-0.006
4.9,1.5,15.0,0.0,0.72,-0.0,0.0,-0.006
4.9,1.5,15.0,0.0,0.8,-0.0,0.0,-0.006
4.9,1.5,15.0,5.0,0.3,-0.400969,0.0,0.028947
4.9,1.5,15.0,5.0,0.5,-0.441673,0.0,0.032494
4.9,1.5,15.0,5.0,0.65,-0.503333,0.0,0.037868
4.9,1.5,15.0,5.0,0.72,-0.551173,0.0,0.042038
4.9,1.5,15.0,5.0,0.8,-0.6375,0.0,0.049562
4.9,1.5,15.0,10.0,0.3,-0.801938,0.0,0.133255
4.9,1.5,15.0,10.0,0.5,-0.883346,0.0,0.147391
4.9,1.5,15.0,10.0,0.65,-1.006666,0.0,0.168806
4.9,1.5,15.0,10.0,0.72,-1.102347,0.0,0.18542
4.9,1.5,15.0,10.0,0.8,-1.275,0.0,0.215401
